Latitudine,Longitudine
39.4305577,-0.3351722
39.4306546,-0.3351748
39.4307444,-0.3351812
39.4308584,-0.3351812
39.430964,-0.3351812
39.431107,-0.3351946
39.4312216,-0.3351973
39.4313521,-0.3351919
39.4315075,-0.335208
39.4316442,-0.3351785
39.431783,-0.335149
39.4318783,-0.3350256
39.4319881,-0.3349264
39.4320813,-0.3348406
39.4321518,-0.3347601
39.4322222,-0.3346716
39.4322968,-0.3345536
39.4323589,-0.3344409
39.4324128,-0.3343309
39.4324667,-0.334221
39.4325081,-0.3340949
39.4325371,-0.3339581
39.4325516,-0.3338052
39.4325558,-0.3336656
39.4325558,-0.3335315
39.4325289,-0.3333759
39.432504,-0.3332445
39.4324626,-0.3331211
39.4324212,-0.3330165
39.4323797,-0.3329146
39.4323294,-0.3328038
39.4322941,-0.3327233
39.4322424,-0.3326402
39.4322051,-0.3325409
39.4321388,-0.3324336
39.4320953,-0.3323505
39.4320537,-0.3322748
39.4320101,-0.3322134
39.4319936,-0.3321598
39.4319397,-0.3320766
39.4318858,-0.3319961
39.4318299,-0.3319049
39.4317823,-0.3318164
39.4317408,-0.331736
39.4316994,-0.3316555
39.4316517,-0.3315777
39.4315979,-0.3314946
39.4315585,-0.3314141
39.4314984,-0.331347
39.4314694,-0.3312424
39.4314176,-0.3311486
39.4313783,-0.331052
39.4313161,-0.3309581
39.4312952,-0.3308693
39.4312579,-0.330754
39.4312144,-0.3306199
39.4311668,-0.3305287
39.4311295,-0.3304187
39.431086,-0.3303114
39.4310425,-0.3302176
39.4309845,-0.3301103
39.4309265,-0.3299654
39.4308645,-0.329866
39.4308065,-0.3297828
39.4307422,-0.3297158
39.430678,-0.3296514
39.4306117,-0.3295977
39.4305413,-0.3295468
39.4304854,-0.3294958
39.4304149,-0.3294744
39.4303383,-0.3294234
39.4302562,-0.3293757
39.4301816,-0.3293435
39.4300884,-0.3292952
39.4300013,-0.3292336
39.4299268,-0.3291987
39.4298087,-0.329145
39.4297092,-0.329078
39.4296305,-0.3290485
39.4295518,-0.3290136
39.4294606,-0.3289653
39.4293902,-0.3289278
39.4293322,-0.3288902
39.4292452,-0.3288393
39.4291685,-0.3288044
39.4290753,-0.3287722
39.4289883,-0.3287186
39.4287686,-0.3286113
39.428864,-0.3286622
39.428692,-0.3285603
39.4286093,-0.3285232
39.4285223,-0.3284696
39.4284498,-0.328432
39.4283648,-0.3283998
39.4282778,-0.3283516
39.4281825,-0.3282926
39.4280955,-0.3282255
39.4280006,-0.3281682
39.4279135,-0.3281247
39.4278037,-0.3280577
39.4277229,-0.3279826
39.4276524,-0.3278833
39.4275779,-0.3277761
39.4275281,-0.3276714
39.4274618,-0.3275132
39.42741,-0.3273737
39.4273727,-0.32724
39.4273271,-0.3271113
39.4272712,-0.3269638
39.4272297,-0.326835
39.4271966,-0.3267063
39.4271489,-0.3265775
39.4271054,-0.3264407
39.4270764,-0.32632
39.4270308,-0.3261913
39.4269894,-0.3260706
39.4269314,-0.3259257
39.4268899,-0.3257541
39.4268378,-0.3255911
39.4267798,-0.325414
39.4267259,-0.3252477
39.4266721,-0.3250707
39.426614,-0.3248937
39.426585,-0.3247703
39.4265353,-0.3246147
39.4264773,-0.3244324
39.4264193,-0.3242768
39.4263323,-0.3240461
39.426266,-0.3238262
39.4262121,-0.3236331
39.4261251,-0.3234078
39.4260712,-0.32322
39.4259966,-0.3230376
39.4259303,-0.3228338
39.4258599,-0.322587
39.4257977,-0.3223939
39.425718,-0.3222068
39.4319135,-0.3350914
39.4256599,-0.3220244
39.4255978,-0.3218313
39.4320201,-0.3350163
39.4255356,-0.3216275
39.4254403,-0.3214182
39.4321289,-0.3349171
39.4253865,-0.3211661
39.425316,-0.3209408
39.4322232,-0.3348433
39.4252124,-0.3207101
39.4251337,-0.3204687
39.4323071,-0.3347481
39.4250632,-0.3201898
39.4323682,-0.3346596
39.4249638,-0.3199377
39.4324397,-0.3345603
39.4249016,-0.319707
39.432507,-0.3344638
39.4248302,-0.3194978
39.4247608,-0.3192886
39.4325722,-0.3343618
39.4326375,-0.3342814
39.4326924,-0.3342063
39.4327442,-0.3341312
39.4328063,-0.3340507
39.4328644,-0.3339769
39.4329281,-0.3338931
39.4330068,-0.3338127
39.4330824,-0.3337376
39.4331642,-0.3336812
39.4246978,-0.31904
39.4332492,-0.3336222
39.424646,-0.318879
39.4333382,-0.3335807
39.4245797,-0.3186779
39.4245299,-0.3185143
39.4244864,-0.3183694
39.4244325,-0.3182299
39.424387,-0.3180958
39.424358,-0.3179778
39.4243145,-0.3178544
39.424273,-0.3177176
39.4242254,-0.3175889
39.4241901,-0.3174575
39.4241342,-0.3172965
39.4240762,-0.3171141
39.4240244,-0.3169264
39.4239719,-0.3167593
39.4239097,-0.316593
39.4238517,-0.316424
39.4238165,-0.3162711
39.4237523,-0.3160941
39.4236943,-0.3159278
39.4236528,-0.315791
39.4236031,-0.3156059
39.4235355,-0.3154302
39.4234733,-0.3152451
39.4234319,-0.3150949
39.4233718,-0.314926
39.4233324,-0.3147811
39.4232786,-0.3146229
39.4232371,-0.3144727
39.4231895,-0.3143037
39.423146,-0.3140972
39.423146,-0.3138611
39.4231688,-0.3136761
39.4232537,-0.3135258
39.423291,-0.3133059
39.4234339,-0.3130377
39.4235385,-0.3129593
39.423725,-0.3128385
39.4238596,-0.3127768
39.4239259,-0.3129861
39.4239674,-0.3131121
39.4240482,-0.3134286
39.4240813,-0.31356
39.4241248,-0.3137183
39.4241725,-0.3138578
39.4242222,-0.3140294
39.4334255,-0.3335418
39.4335332,-0.3335029
39.4336399,-0.3334935
39.4337497,-0.3334881
39.4338419,-0.3334895
39.4339454,-0.3335056
39.434048,-0.3335351
39.4341267,-0.3335605
39.4342162,-0.3336022
39.4343032,-0.3336465
39.4343882,-0.3336961
39.4344886,-0.3337511
39.4345901,-0.3338128
39.4346816,-0.3338657
39.4347862,-0.3339261
39.4348763,-0.3339757
39.4349758,-0.3340307
39.4350711,-0.3340763
39.4351778,-0.3341192
39.4352875,-0.3341567
39.4353756,-0.3341836
39.4354657,-0.334209
39.4355569,-0.3342305
39.4356511,-0.3342466
39.4357402,-0.3342533
39.435821,-0.3342533
39.4359183,-0.3342587
39.4360074,-0.3342533
39.4361006,-0.3342533
39.4361794,-0.3342479
39.4362705,-0.3342439
39.4363627,-0.3342372
39.4364559,-0.3342345
39.4365543,-0.3342359
39.4366403,-0.3342318
39.43672,-0.3342332
39.4368091,-0.3342318
39.4368972,-0.3342278
39.4369924,-0.3342292
39.4370836,-0.3342211
39.4371727,-0.3342171
39.4372576,-0.3342117
39.4373539,-0.334205
39.4374409,-0.3341889
39.43753,-0.3341728
39.4376108,-0.3341527
39.4376978,-0.334146
39.4377869,-0.3341326
39.4378728,-0.3341205
39.4379578,-0.3340977
39.4380427,-0.3340763
39.4381225,-0.3340548
39.4382115,-0.3340401
39.4383016,-0.3340159
39.4383907,-0.3339864
39.4384788,-0.3339569
39.4385523,-0.3339328
39.4386486,-0.3338992
39.4387346,-0.3338604
39.4388216,-0.3338188
39.4389075,-0.3337759
39.4389914,-0.3337303
39.4390764,-0.3336954
39.439189,-0.3336436
39.4392885,-0.3335954
39.4393734,-0.3335484
39.4394687,-0.3335109
39.4395443,-0.3334827
39.4396412,-0.333462
39.4397116,-0.3334084
39.4397924,-0.3333521
39.439867,-0.3332957
39.4399385,-0.3332421
39.4400068,-0.3331885
39.4400752,-0.3331348
39.4401518,-0.3330798
39.4402233,-0.3330248
39.4402958,-0.3329605
39.4403683,-0.3328988
39.4404398,-0.3328357
39.4405174,-0.3327673
39.4406003,-0.3326936
39.4406697,-0.3326386
39.440738,-0.3325769
39.4408147,-0.3325152
39.440882,-0.3324522
39.4409473,-0.3323999
39.4410115,-0.3323422
39.441084,-0.3322752
39.4411482,-0.3322215
39.4412124,-0.3321692
39.441288,-0.3321062
39.4413729,-0.3320297
39.4414392,-0.3319613
39.4415179,-0.3319064
39.4376717,-0.3340215
39.4415946,-0.3318272
39.4375308,-0.3339652
39.4416816,-0.3317562
39.4417582,-0.3316971
39.4373547,-0.3339088
39.441839,-0.3316234
39.4371994,-0.3339062
39.4419198,-0.3315536
39.4370399,-0.3339034
39.4368845,-0.3339061
39.4420026,-0.3314879
39.4367271,-0.3339008
39.442072,-0.3314262
39.4365738,-0.3338739
39.4421559,-0.3313498
39.4364205,-0.3338471
39.4362796,-0.3338042
39.436142,-0.3337591
39.4359887,-0.3336947
39.4358272,-0.3336089
39.4422305,-0.3312895
39.4356822,-0.3335445
39.435533,-0.333448
39.4423113,-0.3312278
39.4354046,-0.3333943
39.44239,-0.3311473
39.4352844,-0.3333085
39.4424708,-0.3310789
39.4351643,-0.3332602
39.4425484,-0.3310118
39.4350565,-0.3331905
39.4426292,-0.3309528
39.4349281,-0.3331298
39.4427131,-0.3308844
39.4347748,-0.3330333
39.4346008,-0.3329314
39.4344309,-0.3328348
39.4427898,-0.3308214
39.434319,-0.3327865
39.4428705,-0.3307651
39.434174,-0.3326953
39.4340829,-0.3326095
39.4429482,-0.3307088
39.4339917,-0.3324915
39.4430259,-0.3306538
39.4431046,-0.33058
39.4338572,-0.3324567
39.4336873,-0.3324085
39.4335464,-0.3323709
39.4334801,-0.3322636
39.4334304,-0.3320437
39.4333766,-0.3318559
39.4332978,-0.3316735
39.4332481,-0.3314697
39.4331818,-0.3313409
39.4330658,-0.3312015
39.4329931,-0.3309775
39.4329102,-0.3307201
39.4328274,-0.3304626
39.4327279,-0.3302373
39.4326616,-0.329969
39.4325871,-0.3297276
39.4325125,-0.3295345
39.4324503,-0.3293038
39.4323633,-0.3290947
39.432297,-0.3288479
39.4322266,-0.3286467
39.4321479,-0.3284402
39.4320567,-0.3281237
39.4319531,-0.3278072
39.4318371,-0.3274585
39.431717,-0.3270883
39.431636,-0.3268328
39.4315821,-0.3266235
39.4315158,-0.3264465
39.4320172,-0.32797
39.4319094,-0.3276428
39.4431477,-0.3304917
39.4314578,-0.3262802
39.4431829,-0.3303737
39.4313915,-0.3261247
39.4432596,-0.3302154
39.4313418,-0.3259262
39.4433818,-0.3301162
39.4312672,-0.3257438
39.4312092,-0.3255346
39.4434957,-0.3300223
39.4311222,-0.3252824
39.4435993,-0.3299365
39.4310683,-0.3250518
39.4437132,-0.329856
39.4309938,-0.3248318
39.4438209,-0.3297809
39.4309229,-0.3246454
39.4439286,-0.3297112
39.4308607,-0.3244737
39.4440467,-0.32962
39.4308027,-0.3243021
39.4441647,-0.3295315
39.4307406,-0.3241197
39.4442704,-0.3294564
39.4306784,-0.3239105
39.444376,-0.3293893
39.4306038,-0.3236744
39.4305375,-0.3234491
39.4444962,-0.329282
39.4304629,-0.3232292
39.4446018,-0.3291774
39.4303966,-0.3230253
39.4303262,-0.3227947
39.4447095,-0.3290782
39.4302641,-0.3226391
39.4448048,-0.3289762
39.444898,-0.3288716
39.4317776,-0.3272883
39.4449829,-0.3287751
39.445014,-0.328649
39.4450098,-0.3284934
39.4449663,-0.3284022
39.444927,-0.3283218
39.4321082,-0.3282816
39.4302022,-0.3224452
39.4448852,-0.3282503
39.4448376,-0.3281806
39.4448065,-0.3281162
39.4447571,-0.3280424
39.4447166,-0.3279714
39.4446729,-0.3278873
39.4446211,-0.3278068
39.4445662,-0.3277196
39.4445124,-0.3276325
39.4444647,-0.327552
39.4444171,-0.3274769
39.4443643,-0.327379
39.4443166,-0.3272999
39.4442607,-0.3272114
39.4442105,-0.3271339
39.4441487,-0.3270276
39.4441054,-0.3269458
39.4440502,-0.326858
39.4440171,-0.3267822
39.4439847,-0.3267182
39.4301483,-0.3222838
39.4300945,-0.322096
39.4439529,-0.3266441
39.4300323,-0.3218922
39.4299619,-0.3216883
39.4439273,-0.3265761
39.4298956,-0.3214845
39.4438978,-0.3264781
39.4298334,-0.3213343
39.4438881,-0.3263755
39.4298086,-0.3211572
39.4297298,-0.3209963
39.4296801,-0.3208032
39.4438755,-0.3262619
39.4296263,-0.3206369
39.443868,-0.3261613
39.4295765,-0.320492
39.4295102,-0.3203204
39.4438755,-0.3260452
39.4294771,-0.3201434
39.4438859,-0.3259574
39.4294025,-0.3199878
39.4293528,-0.3198322
39.4439156,-0.3258622
39.4292906,-0.3196123
39.4439539,-0.3258019
39.4292326,-0.3194406
39.4439988,-0.3257476
39.4440484,-0.3257104
39.4291865,-0.3192682
39.4441062,-0.3256838
39.4441714,-0.3256624
39.4291243,-0.3190911
39.4442522,-0.3256718
39.429,-0.3191394
39.4443371,-0.3256812
39.4289171,-0.3192199
39.4444304,-0.3256879
39.4445194,-0.3256946
39.428855,-0.3192413
39.4445981,-0.3256999
39.4287348,-0.3192896
39.4446758,-0.3257214
39.4286229,-0.3193325
39.4447659,-0.3257375
39.4448446,-0.3257536
39.4285235,-0.3194184
39.4449244,-0.3257724
39.4284241,-0.319472
39.4450145,-0.3257925
39.428308,-0.3195149
39.4451056,-0.3258139
39.4281879,-0.3196007
39.4451853,-0.3258233
39.4280801,-0.3196383
39.4452744,-0.3258367
39.4280014,-0.3196973
39.4453479,-0.3258475
39.4279268,-0.3197188
39.4454287,-0.3258649
39.4455147,-0.3258796
39.4278274,-0.3197939
39.4455923,-0.3259078
39.4277611,-0.3198207
39.4276865,-0.319869
39.4456638,-0.3259574
39.4457311,-0.3260003
39.445816,-0.3260138
39.4276175,-0.3199012
39.4458906,-0.3260231
39.4459766,-0.3260325
39.4460656,-0.3260325
39.4461451,-0.3260158
39.4462251,-0.3260272
39.4463007,-0.3260594
39.4276194,-0.3198096
39.4463499,-0.3261184
39.4463885,-0.3262112
39.4463957,-0.3263112
39.4275904,-0.3196647
39.4275365,-0.3195145
39.4463729,-0.32639
39.4274827,-0.319375
39.4274454,-0.3192677
39.4274039,-0.319139
39.4273583,-0.3189942
39.4273169,-0.3188493
39.4272755,-0.3187098
39.4272133,-0.3185704
39.427176,-0.3184363
39.4271429,-0.3183129
39.4270849,-0.3181841
39.42706,-0.3180554
39.427002,-0.3179213
39.426973,-0.3177711
39.4269233,-0.3176316
39.4268652,-0.3174707
39.4268238,-0.3173312
39.4267782,-0.3171971
39.4267244,-0.3170362
39.4266664,-0.3168591
39.4266125,-0.3167036
39.4265213,-0.3167425
39.4264302,-0.3168001
39.4463276,-0.3264709
39.4263256,-0.316839
39.4262063,-0.3169697
39.4261358,-0.3170341
39.4260778,-0.3171199
39.4259908,-0.3172004
39.4259204,-0.3171896
39.4258458,-0.3171628
39.4257754,-0.3170722
39.4257712,-0.3169643
39.4257339,-0.3168624
39.4256883,-0.3167658
39.4256552,-0.3166961
39.4256179,-0.3166103
39.4462686,-0.326542
39.4255764,-0.3165459
39.4255433,-0.3164332
39.4462013,-0.3266225
39.4255101,-0.3163152
39.4254645,-0.316224
39.44614,-0.3266959
39.4254314,-0.3160953
39.4253941,-0.3160041
39.4460675,-0.3267724
39.4253568,-0.3158807
39.4253029,-0.3157627
39.4460023,-0.3268327
39.4252739,-0.3156286
39.4252325,-0.3155159
39.4459515,-0.3268864
39.4251869,-0.315414
39.4459039,-0.3269246
39.4251538,-0.3152799
39.4250999,-0.3151511
39.4458604,-0.3269695
39.4458081,-0.3270167
39.4457558,-0.3270647
39.4250833,-0.3150439
39.4456906,-0.3271318
39.4250253,-0.3149151
39.4249922,-0.3147971
39.4456295,-0.3271908
39.4249383,-0.3146683
39.4249051,-0.3145289
39.4455772,-0.3272398
39.4248471,-0.3143894
39.4455218,-0.3272917
39.4248099,-0.3142699
39.4247643,-0.3141573
39.4454642,-0.327345
39.4247229,-0.3140231
39.4246773,-0.3139051
39.4246151,-0.3137764
39.424582,-0.3136745
39.4245447,-0.3136101
39.4245074,-0.3135028
39.4244577,-0.313417
39.4454095,-0.3273987
39.4244079,-0.3133526
39.4453538,-0.3274506
39.4243665,-0.3132668
39.4243168,-0.3131648
39.445293,-0.3275116
39.4242588,-0.313079
39.4452309,-0.327573
39.4242256,-0.3129771
39.4241427,-0.3128913
39.4451636,-0.327641
39.4451007,-0.327705
39.4240723,-0.3128162
39.4239687,-0.3128376
39.4450448,-0.3277617
39.4449933,-0.3278153
39.4240028,-0.3132711
39.4449384,-0.3278706
39.4448835,-0.3279255
39.4448262,-0.3279832
39.4447973,-0.3280119
39.4447157,-0.3280934
39.4446634,-0.3281474
39.4239022,-0.3128792
39.4446059,-0.3282101
39.4445479,-0.3282637
39.4444951,-0.3283214
39.4233705,-0.3131483
39.4444382,-0.3283724
39.4443901,-0.3284187
39.4443424,-0.328463
39.4236378,-0.3128909
39.4442917,-0.3285193
39.4442388,-0.3285662
39.4441875,-0.3286172
39.4441102,-0.3287392
39.4440718,-0.328817
39.4440384,-0.3288962
39.4439879,-0.3289806
39.4439281,-0.3290741
39.4333413,-0.3311477
39.4438582,-0.3291445
39.4335443,-0.3310458
39.4337515,-0.3309331
39.4437903,-0.3291902
39.4339214,-0.3308312
39.4437361,-0.3292214
39.4341368,-0.3307239
39.4343357,-0.3306166
39.4436727,-0.3292625
39.4345346,-0.3304986
39.4436101,-0.3292944
39.4346899,-0.3304201
39.4346311,-0.3302467
39.434597,-0.3301365
39.4345657,-0.3300346
39.4435443,-0.3292997
39.4345318,-0.3299377
39.4434892,-0.3292508
39.4344976,-0.3298318
39.4344714,-0.3297466
39.4434527,-0.3291897
39.4344427,-0.3296644
39.4344165,-0.3295857
39.4434289,-0.3291092
39.4343888,-0.3295029
39.4433988,-0.3290543
39.4343127,-0.3292728
39.4433714,-0.3289929
39.4342839,-0.3291936
39.4342544,-0.3291065
39.4342324,-0.329022
39.4433304,-0.3289188
39.443295,-0.32884
39.4432559,-0.3287794
39.4432155,-0.3287247
39.4431772,-0.3286801
39.4431329,-0.3286365
39.443078,-0.3285842
39.443028,-0.3285366
39.4342022,-0.328935
39.4341817,-0.3288622
39.4341567,-0.3287878
39.4341346,-0.3287127
39.4341147,-0.3286681
39.4340973,-0.3286077
39.4429711,-0.3284843
39.4340704,-0.3285303
39.442919,-0.3284467
39.4340414,-0.3284552
39.4340207,-0.3283821
39.442868,-0.3284041
39.434,-0.3283124
39.4339813,-0.328248
39.4339528,-0.3281726
39.4428095,-0.3283573
39.4427525,-0.3283129
39.4339275,-0.3280925
39.4426987,-0.3282778
39.4339026,-0.3280254
39.4338764,-0.3279326
39.4426329,-0.3282385
39.4338508,-0.3278537
39.4338283,-0.327774
39.4425848,-0.3282027
39.4338011,-0.3276955
39.4337672,-0.3275943
39.4425402,-0.3281584
39.433741,-0.3275104
39.43371,-0.3274139
39.4424791,-0.3281061
39.4336851,-0.3273441
39.4336602,-0.3272583
39.4424325,-0.3280578
39.4336312,-0.3271859
39.4336043,-0.3271054
39.4335794,-0.3270223
39.4423766,-0.3280149
39.4335595,-0.3269411
39.44233,-0.3279425
39.4335292,-0.3268667
39.4335028,-0.3267809
39.4334735,-0.3267018
39.4422798,-0.3279076
39.4334466,-0.3266267
39.4422135,-0.3279023
39.4334275,-0.326556
39.4333986,-0.3264661
39.4333769,-0.326399
39.4421482,-0.3278939
39.4333526,-0.3263236
39.4333235,-0.3262441
39.4332993,-0.3261587
39.4420892,-0.327909
39.4332713,-0.3260729
39.4332488,-0.3260018
39.4420622,-0.3279298
39.4332218,-0.3259226
39.4331949,-0.3258298
39.4420356,-0.3279629
39.4331662,-0.3257426
39.4331372,-0.3256655
39.4419889,-0.3280052
39.4331125,-0.325584
39.4419537,-0.3280253
39.4330862,-0.3254962
39.4330581,-0.325408
39.4419088,-0.3280511
39.4330289,-0.3253239
39.4418668,-0.3280789
39.4329991,-0.3252306
39.4329675,-0.3251317
39.4418288,-0.328097
39.4329328,-0.3250389
39.4329056,-0.3249433
39.4328769,-0.3248548
39.4417826,-0.3281215
39.4328458,-0.3247583
39.4417438,-0.3281443
39.4328148,-0.3246671
39.4327878,-0.3245816
39.4417039,-0.3281665
39.432758,-0.3244986
39.4327342,-0.3244236
39.4416594,-0.3281907
39.4327078,-0.324341
39.4416252,-0.328203
39.4326829,-0.3242664
39.441604,-0.3281625
39.4415859,-0.3281098
39.4326578,-0.3241882
39.4326286,-0.3240966
39.4415644,-0.3280401
39.4325988,-0.3240075
39.4325656,-0.3239116
39.4415383,-0.3279646
39.4325342,-0.3238147
39.4325025,-0.3237185
39.4415186,-0.3278862
39.4324742,-0.3236303
39.4414875,-0.3277923
39.4324425,-0.32353
39.4414699,-0.3277387
39.4324133,-0.3234411
39.4414492,-0.3276716
39.4414305,-0.3276234
39.4323812,-0.3233496
39.4323496,-0.3232457
39.4414005,-0.3275214
39.4323165,-0.3231465
39.4322854,-0.3230502
39.4414499,-0.3274919
39.4322592,-0.322966
39.4322328,-0.3228843
39.4322033,-0.3227951
39.4321728,-0.3227065
39.4321453,-0.3226154
39.4321163,-0.3225245
39.4320831,-0.3224289
39.4320544,-0.3223357
39.441493,-0.3274658
39.4320288,-0.3222543
39.4319956,-0.3221638
39.4319638,-0.3220539
39.4319336,-0.3219668
39.4319058,-0.3218802
39.4318786,-0.3217863
39.4318429,-0.3216803
39.4318093,-0.3215741
39.4317672,-0.3214464
39.4317301,-0.3213255
39.4316835,-0.3211864
39.431637,-0.3210388
39.4315892,-0.3208957
39.4315511,-0.3207787
39.4315092,-0.3206556
39.4314693,-0.320531
39.4314312,-0.3204182
39.4313944,-0.3203049
39.4313572,-0.3201933
39.4313206,-0.3200726
39.4312803,-0.319956
39.4312504,-0.3198664
39.4312095,-0.3197434
39.4311653,-0.3196187
39.431128,-0.3195087
39.4310961,-0.3193909
39.4310565,-0.319273
39.4310248,-0.3191739
39.4309772,-0.3190478
39.430941,-0.3189276
39.4309037,-0.3188123
39.4308726,-0.3187023
39.4308415,-0.3186057
39.4308063,-0.3184984
39.4307669,-0.3183965
39.4307312,-0.3182866
39.4307006,-0.3182141
39.4306576,-0.3180669
39.4306016,-0.3179159
39.430557,-0.3177818
39.4305114,-0.3176611
39.4304617,-0.3175135
39.4304286,-0.3173875
39.4303706,-0.3172373
39.4303188,-0.3170683
39.4302545,-0.3169315
39.4301986,-0.3167598
39.4301365,-0.3165614
39.4300639,-0.3163575
39.430008,-0.316151
39.4299431,-0.3159557
39.4298933,-0.3158269
39.4298498,-0.3156687
39.4297918,-0.3154621
39.4297235,-0.3152744
39.4296737,-0.3151376
39.4295665,-0.31509
39.4450558,-0.3285541
39.4295003,-0.3151383
39.4451004,-0.3284964
39.4294008,-0.3151946
39.4451522,-0.3284548
39.4452257,-0.3284401
39.4293014,-0.3152456
39.4453003,-0.3284173
39.4292081,-0.3153046
39.4290942,-0.3153582
39.4453676,-0.3283247
39.4454154,-0.32825
39.4290051,-0.3154092
39.4454722,-0.3281826
39.4289202,-0.3154655
39.4455271,-0.3281088
39.4288104,-0.3155219
39.4455768,-0.3280471
39.4456317,-0.3279801
39.428655,-0.3156211
39.4456876,-0.3279076
39.4457518,-0.3278245
39.4285555,-0.3156586
39.4458119,-0.3277467
39.4284747,-0.3157123
39.4458628,-0.3276831
39.4283546,-0.3157579
39.4459177,-0.327612
39.4287441,-0.3155594
39.4282551,-0.3158169
39.4459788,-0.3275476
39.4281495,-0.3158464
39.4460348,-0.3274832
39.4461021,-0.3274189
39.4280564,-0.3159188
39.4461746,-0.3273612
39.4279777,-0.3159751
39.4462491,-0.3273062
39.4278928,-0.3160234
39.4463216,-0.3272472
39.4277685,-0.3160744
39.4463941,-0.3271989
39.4276561,-0.3161629
39.4464728,-0.3271399
39.4275505,-0.3162112
39.4274469,-0.3162756
39.4273391,-0.3163346
39.4465557,-0.327101
39.4272314,-0.3163936
39.4466489,-0.3270594
39.4270848,-0.3164749
39.4467348,-0.3270313
39.4269563,-0.316542
39.4468239,-0.3270112
39.4268564,-0.3165802
39.4267533,-0.3166305
39.4469171,-0.3269931
39.4470124,-0.326985
39.4471056,-0.326985
39.4471926,-0.3269529
39.4472746,-0.3269309
39.4473585,-0.3269081
39.4474558,-0.3268826
39.4475335,-0.3268625
39.4476112,-0.3268357
39.4476629,-0.3267713
39.4477147,-0.3266935
39.4477707,-0.3266332
39.4478514,-0.3265863
39.4479291,-0.3265849
39.4480233,-0.3265983
39.4481165,-0.3266506
39.4481994,-0.3267552
39.4482584,-0.3268786
39.4483351,-0.326951
39.4484158,-0.3270208
39.4484873,-0.3270744
39.4485722,-0.327116
39.4486685,-0.3271576
39.4487462,-0.3271978
39.4488342,-0.32723
39.4489253,-0.3272649
39.4490248,-0.327297
39.449118,-0.3273413
39.449206,-0.3273829
39.4492909,-0.3274111
39.4493789,-0.3274527
39.4494711,-0.3274849
39.4495653,-0.3275157
39.4496429,-0.3275357
39.4497196,-0.3275626
39.4497983,-0.3275907
39.4498842,-0.3276283
39.4499754,-0.3276618
39.4500582,-0.3276886
39.4501411,-0.3277155
39.4502156,-0.3277409
39.4503088,-0.3277718
39.4503927,-0.3277999
39.4504869,-0.3278294
39.4505832,-0.327863
39.4506816,-0.3278952
39.4507759,-0.3279273
39.4508548,-0.3279518
39.4509418,-0.3279827
39.4510185,-0.328031
39.4510868,-0.3280846
39.4511603,-0.3281154
39.4512546,-0.3281584
39.4513426,-0.3281932
39.4514265,-0.3282254
39.4515072,-0.3282576
39.4515849,-0.3282858
39.4516708,-0.328318
39.4517506,-0.3283528
39.4518293,-0.3283864
39.4519038,-0.3284199
39.4519794,-0.328448
39.4520706,-0.3284816
39.4521555,-0.3285138
39.4522435,-0.3285419
39.4523315,-0.3285701
39.4524082,-0.3285929
39.4524858,-0.3286184
39.4525676,-0.3286438
39.4526327,-0.3286716
39.4527042,-0.3286985
39.4527767,-0.3287226
39.4528761,-0.3287548
39.4529703,-0.3287883
39.4530749,-0.3288205
39.4531805,-0.3288527
39.453282,-0.3288876
39.4533835,-0.328909
39.4534736,-0.328909
39.453574,-0.328909
39.4536672,-0.3289077
39.4537697,-0.328909
39.4538764,-0.328909
39.4539903,-0.3289036
39.4541011,-0.3288795
39.4542067,-0.3288513
39.4543123,-0.3287964
39.4544076,-0.328732
39.4545008,-0.3286743
39.4545919,-0.3286006
39.4546665,-0.3285362
39.4547431,-0.3284678
39.4548115,-0.3284007
39.4548808,-0.3283203
39.4549533,-0.3282478
39.4550186,-0.3281754
39.4550879,-0.328107
39.4551501,-0.3280373
39.4552194,-0.3279608
39.4552795,-0.3279005
39.4553437,-0.3278294
39.4554089,-0.3277583
39.455469,-0.3276886
39.4555363,-0.3276162
39.4555995,-0.3275438
39.4556585,-0.3274713
39.4557217,-0.327411
39.4557848,-0.3273359
39.4558459,-0.3272595
39.4559184,-0.3271803
39.4559826,-0.3271092
39.4560468,-0.3270341
39.456107,-0.3269661
39.4561691,-0.326895
39.4562354,-0.3268239
39.4562996,-0.3267488
39.4563607,-0.326675
39.4564373,-0.3265999
39.4565026,-0.3265289
39.4565688,-0.3264511
39.456633,-0.3263787
39.4566972,-0.3263103
39.4567625,-0.3262338
39.4568267,-0.3261627
39.4568929,-0.3260943
39.4569613,-0.3260219
39.4570327,-0.3259468
39.4571021,-0.3258717
39.4571746,-0.325802
39.4572491,-0.3257202
39.4573196,-0.3256451
39.4573941,-0.3255659
39.4574625,-0.3254882
39.4575391,-0.325409
39.4576033,-0.3253487
39.4576706,-0.3252736
39.4577337,-0.3252038
39.4578139,-0.3251285
39.4578978,-0.3250453
39.4579744,-0.3249595
39.4580583,-0.3248696
39.4581359,-0.3247878
39.4582198,-0.3247074
39.4582975,-0.3246282
39.4583772,-0.3245478
39.4584538,-0.324474
39.4585274,-0.3243937
39.4585967,-0.3243267
39.4586692,-0.3242489
39.4587479,-0.3241711
39.4588308,-0.3240893
39.4589032,-0.3240223
39.458979,-0.3239436
39.4590567,-0.3238671
39.4591302,-0.3237934
39.4591975,-0.323725
39.4592659,-0.3236539
39.4593218,-0.3235761
39.4593818,-0.3234957
39.4594409,-0.3234192
39.4384931,-0.3036691
39.4595034,-0.323334
39.4595655,-0.3232454
39.4596194,-0.323177
39.4384941,-0.3034948
39.4596681,-0.3231073
39.4597033,-0.3230349
39.4384935,-0.3033898
39.4597447,-0.3229441
39.4384936,-0.3032919
39.4597902,-0.3228619
39.4598296,-0.3227854
39.4384907,-0.3031953
39.4598658,-0.322709
39.459901,-0.3226084
39.4384941,-0.3031118
39.4599331,-0.322528
39.4384951,-0.303022
39.4599652,-0.3224435
39.4599994,-0.3223402
39.4600263,-0.3222383
39.438499,-0.3029271
39.4384922,-0.3028563
39.4384252,-0.3028564
39.4600491,-0.3221417
39.4383561,-0.3028584
39.4600719,-0.3220411
39.4600957,-0.3219405
39.4601174,-0.321852
39.4601278,-0.3217555
39.4601423,-0.3216629
39.4601516,-0.3215583
39.4384946,-0.3035852
39.4601609,-0.3214551
39.4601713,-0.3213692
39.4601796,-0.3212754
39.4601868,-0.3211761
39.4601899,-0.3210755
39.4601827,-0.3209709
39.4382905,-0.3028591
39.4601767,-0.3208577
39.4601705,-0.3207477
39.4601612,-0.3206391
39.4601508,-0.3205358
39.4601332,-0.3204312
39.4382276,-0.3028628
39.4601166,-0.3203333
39.460099,-0.3202394
39.4600918,-0.3201509
39.4600752,-0.320053
39.4381482,-0.302862
39.4600514,-0.3199712
39.4600251,-0.3198974
39.4599992,-0.3198196
39.4599733,-0.3197365
39.438084,-0.3028654
39.4599568,-0.3196627
39.4599319,-0.3195836
39.4599112,-0.3195179
39.4598771,-0.3194414
39.459846,-0.3193757
39.438028,-0.3028647
39.4598211,-0.3193087
39.4597901,-0.3192389
39.45976,-0.3191719
39.4597284,-0.3191014
39.4596984,-0.3190357
39.4596673,-0.3189633
39.4596342,-0.3189056
39.4379623,-0.3028687
39.4595959,-0.3188438
39.4595648,-0.3187995
39.4595224,-0.3187418
39.459483,-0.3186802
39.4594489,-0.3186292
39.4379125,-0.3028694
39.4594074,-0.3185688
39.459365,-0.3185165
39.4593205,-0.3184589
39.4592697,-0.318416
39.4592293,-0.318373
39.4378522,-0.3028697
39.4591869,-0.3183355
39.4591429,-0.3182966
39.4591005,-0.318247
39.459057,-0.3182
39.4377898,-0.3028724
39.4590125,-0.3181571
39.4589617,-0.3181236
39.4589082,-0.3180877
39.4377178,-0.3028742
39.4588302,-0.3180351
39.458753,-0.3179805
39.4586684,-0.3179211
39.4586166,-0.3178862
39.4376578,-0.3028768
39.4585535,-0.3178406
39.4584665,-0.317783
39.4376005,-0.3028769
39.4584199,-0.3177494
39.4583712,-0.3177146
39.4583205,-0.3176757
39.4582573,-0.3176341
39.4375379,-0.3028779
39.4582066,-0.3176019
39.45816,-0.3175644
39.4580979,-0.3175184
39.4580288,-0.3174651
39.4579643,-0.3174155
39.4374757,-0.3028782
39.4579084,-0.3173806
39.4578566,-0.3173431
39.4578017,-0.3173002
39.457752,-0.3172653
39.4577003,-0.3172304
39.4576363,-0.3171855
39.4374092,-0.3028823
39.4575496,-0.3171298
39.4574779,-0.3170829
39.4574015,-0.3170266
39.4373279,-0.3028822
39.4573267,-0.3169782
39.4572493,-0.3169309
39.4571675,-0.3168756
39.4570981,-0.316829
39.4570168,-0.3167699
39.4372422,-0.3028858
39.4371749,-0.3028871
39.4569412,-0.3167224
39.4568703,-0.3166751
39.4567981,-0.3166234
39.4567393,-0.3165909
39.4567028,-0.3165644
39.43712,-0.3028891
39.456651,-0.3165202
39.4566024,-0.316488
39.4565495,-0.3164504
39.4565092,-0.3164209
39.4370579,-0.302891
39.4564605,-0.316386
39.456418,-0.3163552
39.4563777,-0.3163257
39.4563343,-0.3162975
39.4562846,-0.31626
39.4369905,-0.3028916
39.4562297,-0.3162211
39.456178,-0.3161849
39.4561303,-0.3161527
39.4560858,-0.3161205
39.4560485,-0.3160919
39.4369287,-0.3028941
39.4559999,-0.3160597
39.4559489,-0.3160031
39.455895,-0.3159303
39.4558394,-0.3158465
39.4368671,-0.3028928
39.4557786,-0.3157673
39.4557339,-0.3156918
39.4556823,-0.3156208
39.4556215,-0.3155765
39.4555607,-0.3155644
39.4367972,-0.3028915
39.4554985,-0.315552
39.4554297,-0.3155453
39.4553515,-0.3155226
39.4367299,-0.3028913
39.4552971,-0.315479
39.4552212,-0.3154323
39.4551576,-0.3154022
39.4366729,-0.302892
39.4550817,-0.3153818
39.4550075,-0.3153516
39.43662,-0.3028903
39.4549512,-0.3153234
39.4549039,-0.3152751
39.4548531,-0.3152416
39.4548086,-0.3152148
39.4547568,-0.3151799
39.454704,-0.3151504
39.4546626,-0.3151169
39.454615,-0.3150874
39.4545704,-0.3150565
39.4545187,-0.3150297
39.4544772,-0.3150029
39.4544275,-0.3149707
39.454382,-0.3149385
39.4365468,-0.3028892
39.4364674,-0.3028911
39.4543461,-0.3149128
39.4363918,-0.3028911
39.4543161,-0.3148961
39.454285,-0.3148753
39.4542555,-0.3148536
39.4542224,-0.3148348
39.4363173,-0.3028912
39.4541939,-0.3148147
39.4541607,-0.3147946
39.4541298,-0.3147758
39.4541039,-0.3147564
39.4362438,-0.3028912
39.4540765,-0.3147369
39.454048,-0.3147202
39.4540206,-0.3146987
39.4539924,-0.3146798
39.4539603,-0.314659
39.4361806,-0.3028952
39.4539323,-0.3146382
39.453908,-0.3146248
39.4538842,-0.314606
39.4538557,-0.3145873
39.4538329,-0.3145712
39.453806,-0.3145517
39.4537791,-0.3145363
39.4360994,-0.302895
39.4537511,-0.3145142
39.4537201,-0.3144954
39.4536947,-0.3144753
39.4536662,-0.3144578
39.4536388,-0.3144384
39.4360364,-0.3028993
39.4536136,-0.3144208
39.4535867,-0.3144033
39.4535608,-0.3143872
39.4535335,-0.3143656
39.453504,-0.3143461
39.4359633,-0.3029111
39.4534854,-0.3143321
39.4534584,-0.314314
39.4534346,-0.3142932
39.4358992,-0.302937
39.4534041,-0.3142764
39.4533751,-0.3142556
39.4533492,-0.3142355
39.4533259,-0.3142221
39.453301,-0.3142067
39.435844,-0.3029793
39.4532803,-0.3141887
39.4532565,-0.314174
39.4532322,-0.3141565
39.4532135,-0.3141398
39.4531851,-0.314121
39.4531618,-0.3141056
39.4357912,-0.3030322
39.453138,-0.3140901
39.4531209,-0.3140673
39.4531002,-0.3140465
39.4357328,-0.3030617
39.4356749,-0.3030895
39.4530738,-0.3140191
39.4530463,-0.3139922
39.453024,-0.3139681
39.4529982,-0.3139406
39.4356135,-0.3031073
39.4529718,-0.3139138
39.4529469,-0.3138857
39.4529231,-0.3138602
39.4528977,-0.313836
39.4528703,-0.3138086
39.4528475,-0.3137798
39.4355563,-0.3031337
39.4528237,-0.3137549
39.4527999,-0.3137308
39.4355127,-0.3031673
39.4355159,-0.3030761
39.4527792,-0.3137065
39.4355216,-0.3029836
39.4527533,-0.3136777
39.452729,-0.3136495
39.4527077,-0.3136247
39.4526829,-0.3135938
39.4355273,-0.3028961
39.4526529,-0.3135604
39.4526244,-0.3135235
39.4525944,-0.3134866
39.452569,-0.3134545
39.4355278,-0.3028023
39.4525413,-0.3134194
39.4525129,-0.3133839
39.435527,-0.302704
39.4524875,-0.3133604
39.4524549,-0.3133309
39.4524176,-0.3132947
39.4355304,-0.3026152
39.4523876,-0.3132652
39.4355967,-0.302599
39.4523565,-0.313239
39.4523285,-0.3132142
39.4522995,-0.3131881
39.4522694,-0.3131693
39.4522386,-0.3131511
39.4356831,-0.3026028
39.4522143,-0.3131371
39.4521822,-0.3131223
39.4521511,-0.3131075
39.435774,-0.3025987
39.4521184,-0.3131028
39.4520868,-0.3130968
39.4358691,-0.3026001
39.4520542,-0.3130921
39.4520231,-0.3131042
39.4519952,-0.3131142
39.4519631,-0.313127
39.4359565,-0.3026004
39.4519274,-0.3131404
39.4518984,-0.3131524
39.4360441,-0.3025978
39.4518584,-0.3131637
39.4361238,-0.3025961
39.4518159,-0.3131818
39.4517766,-0.3131932
39.4517414,-0.3132026
39.4516974,-0.3132066
39.4516559,-0.3132087
39.4361994,-0.3025957
39.4516093,-0.3132073
39.45157,-0.3132037
39.4515306,-0.3131957
39.4362794,-0.3025988
39.4515001,-0.3131876
39.4514654,-0.3131782
39.4363605,-0.3026001
39.4514298,-0.3131656
39.4514008,-0.3131455
39.4513739,-0.3131267
39.4513449,-0.3131059
39.4513185,-0.3130871
39.4512952,-0.313062
39.4512708,-0.3130345
39.4512424,-0.313005
39.4512154,-0.3129742
39.4511875,-0.3129407
39.4511595,-0.3129011
39.4511348,-0.312862
39.4511104,-0.3128237
39.4510871,-0.3127848
39.4510638,-0.3127359
39.4364352,-0.3025977
39.4510452,-0.3126896
39.4510286,-0.3126467
39.4365214,-0.3025967
39.4510059,-0.3125947
39.4509867,-0.3125498
39.4509717,-0.3125009
39.4509551,-0.3124479
39.4366129,-0.3026014
39.4509391,-0.3123969
39.4509208,-0.3123367
39.450899,-0.3122757
39.4508845,-0.3122107
39.4367004,-0.3025994
39.4508659,-0.31214
39.4508519,-0.312077
39.4367737,-0.3025991
39.4508373,-0.3120113
39.4508306,-0.3119443
39.4508218,-0.3118779
39.4368446,-0.3025974
39.4508076,-0.3117793
39.4508058,-0.3116747
39.4369156,-0.3025994
39.4507998,-0.311558
39.4507995,-0.3114407
39.4507977,-0.3113261
39.4369982,-0.3025981
39.450798,-0.3112219
39.4508016,-0.3110955
39.4370723,-0.3025947
39.4508006,-0.311013
39.4507995,-0.310889
39.4371483,-0.3025941
39.4507995,-0.3107492
39.4507995,-0.3105973
39.4372292,-0.3025941
39.4508029,-0.3104716
39.4508024,-0.3103817
39.4373053,-0.3025921
39.4508006,-0.3102657
39.4508031,-0.3101399
39.4373752,-0.3025914
39.4507969,-0.3100138
39.4374467,-0.3025887
39.4507999,-0.3098765
39.450801,-0.3097625
39.4375212,-0.30259
39.4507987,-0.3096605
39.4507974,-0.3095425
39.4375963,-0.3025894
39.4507964,-0.309399
39.4507911,-0.3092602
39.4376719,-0.3025894
39.4507904,-0.3091183
39.4507917,-0.309008
39.4377476,-0.3025887
39.4507867,-0.3088854
39.4507844,-0.3087556
39.4378123,-0.3025887
39.4507813,-0.308639
39.437876,-0.3025867
39.4507657,-0.3085283
39.450732,-0.3084425
39.4379358,-0.3025813
39.4380075,-0.3025817
39.4380811,-0.3025793
39.4506951,-0.3083828
39.4381556,-0.302577
39.4506467,-0.3083111
39.4382419,-0.3025773
39.4506022,-0.3082471
39.4383149,-0.3025753
39.4505639,-0.3081851
39.4383827,-0.3025763
39.4505373,-0.3081285
39.4384606,-0.302575
39.4505134,-0.3080506
39.4504792,-0.308004
39.4385445,-0.3025753
39.4504412,-0.3079256
39.4386176,-0.302577
39.4504355,-0.307823
39.4387076,-0.3025733
39.450474,-0.3077194
39.4505359,-0.3076647
39.4387807,-0.302574
39.4505768,-0.3075793
39.4388605,-0.3025753
39.450604,-0.307485
39.4389413,-0.302573
39.4506092,-0.307374
39.4390153,-0.3025726
39.4390847,-0.3025713
39.4505996,-0.3072758
39.439161,-0.3025682
39.4505732,-0.3071883
39.4392388,-0.3025676
39.4505468,-0.3071055
39.4505162,-0.3070096
39.4393265,-0.3025679
39.4504891,-0.3069194
39.4394091,-0.3025676
39.450458,-0.3068204
39.439486,-0.3025656
39.4504339,-0.3067168
39.4395725,-0.3025663
39.4504214,-0.3066313
39.4396482,-0.3025676
39.439724,-0.3025652
39.4503973,-0.3065471
39.439796,-0.3025662
39.4503673,-0.3064518
39.4503362,-0.3063667
39.4398861,-0.3025662
39.450307,-0.3062794
39.4399671,-0.3025669
39.4400552,-0.3025605
39.4502751,-0.3061745
39.4502441,-0.306081
39.4401435,-0.3025616
39.4402289,-0.3025646
39.4502109,-0.3059844
39.4501773,-0.3058861
39.440309,-0.3025612
39.450147,-0.3057862
39.4501167,-0.3056904
39.4500898,-0.3056062
39.4500585,-0.3055123
39.4500244,-0.3054113
39.4499895,-0.3053067
39.440382,-0.3025625
39.4499595,-0.3052148
39.4404607,-0.3025601
39.4405264,-0.3025611
39.4406005,-0.3025635
39.4407007,-0.3025638
39.4499307,-0.3051189
39.4407823,-0.3025628
39.4498999,-0.3050324
39.4408612,-0.3025598
39.4498766,-0.3049589
39.440941,-0.3025624
39.449853,-0.3048814
39.4410379,-0.3025591
39.4498233,-0.3047903
39.4411194,-0.3025561
39.4497969,-0.3047115
39.4411955,-0.3025594
39.4412799,-0.3025584
39.4497695,-0.3046266
39.4413661,-0.3025588
39.4497433,-0.304545
39.4414451,-0.3025574
39.449719,-0.3044746
39.4415234,-0.3025571
39.4496952,-0.3043988
39.4416233,-0.3025574
39.4417116,-0.3025574
39.4496719,-0.3043281
39.4417939,-0.3025521
39.449646,-0.3042521
39.4418672,-0.3025534
39.4496252,-0.3041854
39.4419577,-0.3025514
39.4496009,-0.3041131
39.4420404,-0.3025518
39.4495743,-0.3040252
39.442124,-0.3025497
39.4495416,-0.3039145
39.4422144,-0.3025484
39.4422851,-0.3025514
39.4495054,-0.3038135
39.4423633,-0.3025501
39.449472,-0.3037247
39.442443,-0.302546
39.4425199,-0.3025477
39.4426175,-0.3025467
39.4427045,-0.302546
39.4428014,-0.3025417
39.4428912,-0.3025434
39.4429733,-0.3025424
39.4430496,-0.3025397
39.4431351,-0.3025407
39.443226,-0.302539
39.4433182,-0.3025413
39.4433951,-0.3025393
39.443472,-0.3025394
39.4435321,-0.3025367
39.4436002,-0.3025367
39.4436742,-0.3025367
39.4437541,-0.3025364
39.4438334,-0.3025357
39.443917,-0.3025356
39.4439924,-0.302537
39.4440742,-0.3025376
39.4441591,-0.3025366
39.4442293,-0.3025347
39.4443191,-0.3025343
39.4444054,-0.302532
39.4444796,-0.3025336
39.4445599,-0.3025326
39.4446466,-0.302531
39.4447236,-0.302535
39.4448072,-0.302534
39.4448975,-0.30254
39.4494416,-0.3036347
39.4449788,-0.3025407
39.4450682,-0.3025397
39.449417,-0.3035566
39.4451557,-0.302538
39.4493934,-0.3034852
39.4452387,-0.302539
39.4453182,-0.302539
39.445397,-0.3025387
39.4493692,-0.3034106
39.4454783,-0.3025397
39.449341,-0.3033321
39.4455578,-0.3025373
39.4456378,-0.3025313
39.4493053,-0.3032549
39.445718,-0.3025286
39.4492747,-0.3031897
39.4492338,-0.3031112
39.4491932,-0.3030459
39.4491487,-0.3029842
39.4458061,-0.3025231
39.4458868,-0.3025191
39.4491067,-0.3029212
39.445964,-0.3025157
39.446052,-0.302509
39.449063,-0.3028682
39.4461421,-0.3025066
39.4462284,-0.3025063
39.4490116,-0.3028188
39.4463102,-0.3025043
39.4463855,-0.3025019
39.4464689,-0.3024983
39.4489654,-0.3027707
39.4465456,-0.3025007
39.4466141,-0.3024996
39.4489118,-0.3027217
39.4466879,-0.3024969
39.4488549,-0.3026808
39.4467698,-0.3024979
39.4468521,-0.3024933
39.4487953,-0.3026359
39.4469331,-0.3024983
39.4487325,-0.3026013
39.4470149,-0.3024912
39.4470942,-0.3024925
39.4486731,-0.3025694
39.4471718,-0.3024889
39.4486123,-0.3025439
39.4472412,-0.3024895
39.4485514,-0.3025247
39.4473173,-0.3024876
39.4473961,-0.3024859
39.4484953,-0.3025114
39.4474639,-0.3024862
39.4475441,-0.3024882
39.4484355,-0.302497
39.4476202,-0.3024855
39.4476932,-0.3024815
39.4477644,-0.3024795
39.447839,-0.3024805
39.4483545,-0.3024907
39.4479221,-0.3024822
39.4480073,-0.3024835
39.4482938,-0.3024863
39.4480878,-0.3024805
39.4482357,-0.302481
39.4481629,-0.3024812
39.449985,-0.3054638
39.4499438,-0.3054783
39.4499115,-0.3054871
39.4498773,-0.3054938
39.4498411,-0.3055012
39.4498121,-0.3055039
39.4497763,-0.3055052
39.449749,-0.3055079
39.4497211,-0.3055079
39.4496941,-0.3055079
39.4496392,-0.3055026
39.4495809,-0.3055013
39.4495203,-0.3054994
39.4494478,-0.3055014
39.4493831,-0.3054987
39.4492505,-0.3054967
39.4491775,-0.3054987
39.4489844,-0.3055007
39.4488456,-0.3055101
39.4487656,-0.305509
39.4485606,-0.305519
39.448397,-0.305519
39.4482333,-0.3055217
39.4480386,-0.3055325
39.4493153,-0.3054974
39.4491234,-0.3055025
39.4490639,-0.3055032
39.4489231,-0.3055071
39.4487103,-0.3055087
39.4486414,-0.3055113
39.4484901,-0.3055167
39.4483337,-0.3055235
39.448175,-0.3055295
39.448116,-0.3055355
39.4479869,-0.3055339
39.4479346,-0.3055306
39.4478662,-0.3055393
39.4478233,-0.3055386
39.4477817,-0.3055403
39.447747,-0.305535
39.4476999,-0.3055357
39.4476502,-0.3055444
39.4475963,-0.3055383
39.4475559,-0.3055377
39.4475103,-0.3055369
39.4474653,-0.3055436
39.4474171,-0.3055402
39.447384,-0.3055362
39.4473405,-0.3055282
39.4473115,-0.3055094
39.4472894,-0.3054831
39.4472749,-0.3054482
39.4472733,-0.3054026
39.4472728,-0.305355
39.4472705,-0.3053158
39.4472708,-0.3052567
39.44727,-0.3051961
39.4472695,-0.3051418
39.4472739,-0.3050634
39.4472718,-0.3049933
39.4472728,-0.3049211
39.4472715,-0.3048531
39.447272,-0.3047954
39.4472713,-0.304737
39.4472733,-0.304669
39.4472715,-0.304612
39.4472718,-0.304551
39.4472738,-0.3044849
39.4472694,-0.3044209
39.4472724,-0.3043508
39.4472721,-0.3042841
39.4472734,-0.304219
39.4472744,-0.3041616
39.447271,-0.3040919
39.4472744,-0.3040262
39.4472749,-0.3039597
39.4472853,-0.3038947
39.4473049,-0.3038437
39.4473381,-0.3038092
39.4473778,-0.3037717
39.44742,-0.3037362
39.4474635,-0.3036996
39.4475012,-0.3036666
39.4475387,-0.3036287
39.4475773,-0.3035727
39.4476107,-0.3035188
39.4476463,-0.303459
39.447668,-0.3033833
39.4476978,-0.3033226
39.4477274,-0.3032571
39.447752,-0.3031847
39.447762,-0.3030993
39.4477711,-0.3030222
39.4477749,-0.302926
39.4477715,-0.3028266
39.4477705,-0.3027307
39.4477679,-0.3026385
39.4477687,-0.3025834
39.4477661,-0.3025241
39.4441458,-0.3286801
39.4384956,-0.3037465
39.434339,-0.3293474
39.4343657,-0.3294288
39.4346638,-0.330337
